brand,month,reviews,avg_rating,pct_negative,net_rating_score,churn_intent_rate
Oura,2026-01,167,3.43,32.93,12.57,2.99
Oura,2026-02,208,3.83,22.12,29.81,1.44
Oura,2026-03,152,3.57,25.66,18.42,4.61
Oura,2026-04,80,3.02,42.5,-17.5,3.75
Oura,2026-05,120,2.9,46.67,-17.5,3.33
Oura,2026-06,134,2.9,43.28,-18.66,1.49
Oura,2026-07,182,3.06,43.41,-10.44,6.59
Oura,2026-08,145,3.27,31.72,0.0,4.14
Oura,2026-09,98,2.92,44.9,-17.35,4.08
Whoop,2026-01,130,3.65,28.46,24.62,3.08
Whoop,2026-02,70,3.5,34.29,17.14,2.86
Whoop,2026-03,107,3.3,39.25,5.61,5.61
Whoop,2026-04,86,3.38,37.21,10.47,5.81
Whoop,2026-05,111,3.57,31.53,21.62,1.8
Whoop,2026-06,93,3.2,37.63,-1.08,5.38
Whoop,2026-07,90,3.41,36.67,11.11,3.33
Whoop,2026-08,85,3.49,34.12,14.12,4.71
Whoop,2026-09,71,3.32,35.21,5.63,5.63
