app_version,reviews,first_review,avg_rating,pct_negative,bug_mention_rate,vs_brand_avg
5.430.0,37,2026-01-01,3.62,29.73,2.7,0.11
5.431.0,46,2026-01-07,4.13,17.39,4.35,0.62
5.432.1,24,2026-01-17,3.62,25.0,20.83,0.12
5.433.0,21,2026-01-23,3.24,38.1,4.76,-0.27
5.435.1,14,2026-01-31,3.36,35.71,14.29,-0.15
5.437.2,14,2026-02-06,3.64,35.71,21.43,0.14
5.438.0,14,2026-02-14,3.86,21.43,14.29,0.35
5.439.0,22,2026-02-19,3.18,40.91,27.27,-0.32
5.440.0,24,2026-02-26,3.25,41.67,16.67,-0.26
5.441.0,22,2026-03-06,3.27,36.36,27.27,-0.23
5.442.1,24,2026-03-12,3.17,45.83,29.17,-0.34
5.443.0,20,2026-03-18,3.95,25.0,25.0,0.44
5.444.1,23,2026-03-28,3.74,21.74,0.0,0.23
5.445.0,25,2026-04-01,3.48,32.0,12.0,-0.03
5.446.0,28,2026-04-09,3.54,35.71,14.29,0.03
5.447.0,14,2026-04-17,3.29,42.86,0.0,-0.22
5.449.0,15,2026-05-01,3.0,40.0,0.0,-0.51
5.450.1,30,2026-05-06,3.97,20.0,10.0,0.46
5.451.0,23,2026-05-14,3.61,30.43,17.39,0.1
5.452.0,31,2026-05-18,3.87,25.81,3.23,0.36
5.453.0,25,2026-05-30,3.32,40.0,16.0,-0.19
5.454.0,20,2026-06-03,3.35,25.0,15.0,-0.16
5.455.0,16,2026-06-11,3.56,31.25,12.5,0.06
5.456.0,18,2026-06-18,3.0,38.89,16.67,-0.51
5.457.0,17,2026-06-26,3.06,47.06,11.76,-0.45
5.458.0,19,2026-06-29,4.16,15.79,0.0,0.65
5.459.0,27,2026-07-07,3.56,29.63,0.0,0.05
5.460.0,18,2026-07-16,3.5,33.33,5.56,-0.01
5.461.1,13,2026-07-25,3.31,46.15,23.08,-0.2
5.462.1,29,2026-07-28,3.07,48.28,13.79,-0.44
5.463.0,22,2026-08-06,3.45,36.36,9.09,-0.05
5.464.0,19,2026-08-13,4.05,21.05,0.0,0.55
5.465.0,11,2026-08-20,3.0,45.45,27.27,-0.51
5.466.0,16,2026-08-26,4.0,12.5,0.0,0.49
5.467.0,15,2026-09-04,2.73,46.67,40.0,-0.77
5.468.0,14,2026-09-11,2.93,42.86,7.14,-0.58
5.469.0,22,2026-09-18,3.5,27.27,13.64,-0.01
